<application>
  <component name="VimSettings">
    <state version="4" enabled="true" />
    <globalmarks />
    <filemarks>
      <file name="/Dummy.txt" timestamp="1561909119049">
        <mark key="[" line="0" column="0" />
      </file>
      <file name="$USER_HOME$/go/src/github.com/DataDog/dogweb/dogweb/model/api_key.py" timestamp="1561919873244">
        <mark key="'" line="37" column="27" />
        <mark key="[" line="29" column="0" />
        <mark key="]" line="29" column="0" />
        <mark key="." line="29" column="0" />
      </file>
      <file name="$USER_HOME$/go/src/github.com/DataDog/dogweb/dogweb/controllers/api/role.py" timestamp="1561912331745">
        <mark key="'" line="80" column="28" />
      </file>
    </filemarks>
    <jumps>
      <jump line="30" column="0" filename="$USER_HOME$/go/src/github.com/DataDog/dogweb/dogweb/model/api_key.py" />
      <jump line="18" column="61" filename="$USER_HOME$/go/src/github.com/DataDog/dogweb/dogweb/model/api_key.py" />
      <jump line="20" column="19" filename="$USER_HOME$/go/src/github.com/DataDog/dogweb/dogweb/model/api_key.py" />
      <jump line="22" column="32" filename="$USER_HOME$/go/src/github.com/DataDog/dogweb/dogweb/model/api_key.py" />
      <jump line="28" column="8" filename="$USER_HOME$/go/src/github.com/DataDog/dogweb/dogweb/model/api_key.py" />
      <jump line="29" column="15" filename="$USER_HOME$/go/src/github.com/DataDog/dogweb/dogweb/model/api_key.py" />
      <jump line="17" column="13" filename="$USER_HOME$/go/src/github.com/DataDog/dogweb/dogweb/model/api_key.py" />
      <jump line="80" column="28" filename="$USER_HOME$/go/src/github.com/DataDog/dogweb/dogweb/controllers/api/role.py" />
      <jump line="212" column="8" filename="$USER_HOME$/go/src/github.com/DataDog/dogweb/dogweb/model/role.py" />
      <jump line="36" column="12" filename="$USER_HOME$/go/src/github.com/DataDog/dogweb/dogweb/model/api_key.py" />
      <jump line="38" column="53" filename="$USER_HOME$/go/src/github.com/DataDog/dogweb/dogweb/model/api_key.py" />
      <jump line="33" column="30" filename="$USER_HOME$/go/src/github.com/DataDog/dogweb/dogweb/model/api_key.py" />
      <jump line="19" column="9" filename="$USER_HOME$/go/src/github.com/DataDog/dogweb/dogweb/model/api_key.py" />
      <jump line="39" column="20" filename="$USER_HOME$/go/src/github.com/DataDog/dogweb/dogweb/model/api_key.py" />
      <jump line="41" column="15" filename="$USER_HOME$/go/src/github.com/DataDog/dogweb/dogweb/model/api_key.py" />
      <jump line="42" column="8" filename="$USER_HOME$/go/src/github.com/DataDog/dogweb/dogweb/model/api_key.py" />
      <jump line="43" column="8" filename="$USER_HOME$/go/src/github.com/DataDog/dogweb/dogweb/model/api_key.py" />
      <jump line="44" column="8" filename="$USER_HOME$/go/src/github.com/DataDog/dogweb/dogweb/model/api_key.py" />
      <jump line="45" column="20" filename="$USER_HOME$/go/src/github.com/DataDog/dogweb/dogweb/model/api_key.py" />
      <jump line="47" column="17" filename="$USER_HOME$/go/src/github.com/DataDog/dogweb/dogweb/model/api_key.py" />
      <jump line="53" column="8" filename="$USER_HOME$/go/src/github.com/DataDog/dogweb/dogweb/model/api_key.py" />
      <jump line="54" column="8" filename="$USER_HOME$/go/src/github.com/DataDog/dogweb/dogweb/model/api_key.py" />
      <jump line="55" column="8" filename="$USER_HOME$/go/src/github.com/DataDog/dogweb/dogweb/model/api_key.py" />
      <jump line="56" column="20" filename="$USER_HOME$/go/src/github.com/DataDog/dogweb/dogweb/model/api_key.py" />
      <jump line="58" column="21" filename="$USER_HOME$/go/src/github.com/DataDog/dogweb/dogweb/model/api_key.py" />
      <jump line="60" column="43" filename="$USER_HOME$/go/src/github.com/DataDog/dogweb/dogweb/model/api_key.py" />
      <jump line="62" column="18" filename="$USER_HOME$/go/src/github.com/DataDog/dogweb/dogweb/model/api_key.py" />
      <jump line="66" column="33" filename="$USER_HOME$/go/src/github.com/DataDog/dogweb/dogweb/model/api_key.py" />
      <jump line="67" column="64" filename="$USER_HOME$/go/src/github.com/DataDog/dogweb/dogweb/model/api_key.py" />
      <jump line="68" column="69" filename="$USER_HOME$/go/src/github.com/DataDog/dogweb/dogweb/model/api_key.py" />
      <jump line="35" column="17" filename="$USER_HOME$/go/src/github.com/DataDog/dogweb/dogweb/model/api_key.py" />
      <jump line="37" column="27" filename="$USER_HOME$/go/src/github.com/DataDog/dogweb/dogweb/model/api_key.py" />
    </jumps>
    <registers>
      <register name="1" type="2">
        <text encoding="base64">ICAgICAgICBhcGlfa2V5cyA9IFNlc3Npb24ucXVlcnkoQXBpS2V5ZGQpCg==</text>
      </register>
      <register name="&quot;" type="2">
        <text encoding="base64">ICAgICAgICBhcGlfa2V5cyA9IFNlc3Npb24ucXVlcnkoQXBpS2V5ZGQpCg==</text>
      </register>
      <register name=":" type="4">
        <text>set hls</text>
      </register>
      <register name="/" type="4">
        <text>self</text>
      </register>
    </registers>
    <search>
      <last-search>self</last-search>
      <last-offset />
      <last-pattern>self</last-pattern>
      <last-dir>1</last-dir>
      <show-last>false</show-last>
    </search>
    <history>
      <history-search>
        <entry>generate</entry>
        <entry>generate)key</entry>
        <entry>api_key</entry>
        <entry>to_json_di</entry>
        <entry>attr</entry>
        <entry>unrevoke</entry>
        <entry>revoke</entry>
        <entry>self</entry>
      </history-search>
      <history-cmd>
        <entry>sp</entry>
        <entry>vsp</entry>
        <entry>tabnew</entry>
        <entry>set hls</entry>
      </history-cmd>
      <history-expr />
      <history-input />
    </history>
    <shortcut-conflicts>
      <shortcut-conflict owner="vim">
        <text>ctrl pressed B</text>
      </shortcut-conflict>
      <shortcut-conflict owner="vim">
        <text>ctrl pressed T</text>
      </shortcut-conflict>
    </shortcut-conflicts>
    <editor>
      <key-repeat enabled="true" />
    </editor>
  </component>
</application>