<keymap version="1" name="macOS copy" parent="Mac OS X 10.5+">
  <action id="Back">
    <keyboard-shortcut first-keystroke="meta open_bracket" />
    <mouse-shortcut keystroke="button4" />
  </action>
  <action id="Console.TableResult.NextPage" />
  <action id="Console.TableResult.PreviousPage" />
  <action id="FileChooser.GoForward">
    <keyboard-shortcut first-keystroke="meta close_bracket" />
    <mouse-shortcut keystroke="button5" />
  </action>
  <action id="Forward">
    <keyboard-shortcut first-keystroke="meta close_bracket" />
    <mouse-shortcut keystroke="button5" />
  </action>
  <action id="NextOccurence" />
  <action id="PreviousOccurence" />
  <action id="TabShiftActions.MoveFocusDown">
    <keyboard-shortcut first-keystroke="shift ctrl alt semicolon" />
    <keyboard-shortcut first-keystroke="meta alt down" />
  </action>
  <action id="TabShiftActions.MoveFocusLeft">
    <keyboard-shortcut first-keystroke="shift ctrl alt open_bracket" />
    <keyboard-shortcut first-keystroke="meta alt left" />
  </action>
  <action id="TabShiftActions.MoveFocusRight">
    <keyboard-shortcut first-keystroke="shift ctrl alt close_bracket" />
    <keyboard-shortcut first-keystroke="meta alt right" />
  </action>
  <action id="TabShiftActions.MoveFocusUp">
    <keyboard-shortcut first-keystroke="shift ctrl alt p" />
    <keyboard-shortcut first-keystroke="meta alt up" />
  </action>
</keymap>