<application>
  <component name="FeatureSuggesterSettings">
    <option name="workingDays">
      <list>
        <option value="1655214536923" />
        <option value="1655301376642" />
        <option value="1655384294602" />
        <option value="1655474021320" />
        <option value="1655819467106" />
        <option value="1655919572501" />
        <option value="1656424936251" />
        <option value="1656509705542" />
        <option value="1656602637560" />
        <option value="1656687032488" />
        <option value="1657116117362" />
        <option value="1657203708641" />
        <option value="1657547725824" />
        <option value="1657637679893" />
        <option value="1657721062280" />
        <option value="1658166259212" />
        <option value="1658242601843" />
        <option value="1658341591915" />
        <option value="1658411590233" />
        <option value="1658499868928" />
        <option value="1658841465158" />
        <option value="1658938753342" />
        <option value="1659018452745" />
        <option value="1659109467720" />
      </list>
    </option>
  </component>
</application>