<application>
  <component name="FileTypeManager" version="18">
    <extensionMap>
      <mapping ext="srcjar" type="ARCHIVE" />
      <mapping ext="space.kts" type="Kotlin" />
      <mapping ext="gradle.kts" type="Kotlin" />
      <mapping ext="main.kts" type="Kotlin" />
      <removed_mapping ext="apk" approved="true" type="ARCHIVE" />
      <removed_mapping ext="psd" approved="true" type="Image" />
      <removed_mapping ext="qrc" approved="true" type="XML" />
    </extensionMap>
  </component>
</application>