<keymap version="1" name="Mac OS X 10.5+ copy" parent="Mac OS X 10.5+">
  <action id="Back">
    <keyboard-shortcut first-keystroke="meta open_bracket" />
    <mouse-shortcut keystroke="button4" />
  </action>
  <action id="CollapseAll">
    <keyboard-shortcut first-keystroke="meta subtract" />
  </action>
  <action id="CollapseAllRegions">
    <keyboard-shortcut first-keystroke="shift meta subtract" />
  </action>
  <action id="CollapseExpandableComponent">
    <keyboard-shortcut first-keystroke="shift enter" />
    <keyboard-shortcut first-keystroke="meta subtract" />
  </action>
  <action id="CollapseRegion">
    <keyboard-shortcut first-keystroke="meta subtract" />
  </action>
  <action id="EditorDecreaseFontSize">
    <keyboard-shortcut first-keystroke="meta minus" />
  </action>
  <action id="EditorIncreaseFontSize">
    <keyboard-shortcut first-keystroke="meta equals" />
  </action>
  <action id="EditorLineEnd">
    <keyboard-shortcut first-keystroke="end" />
    <keyboard-shortcut first-keystroke="ctrl e" />
  </action>
  <action id="EditorLineStart">
    <keyboard-shortcut first-keystroke="home" />
    <keyboard-shortcut first-keystroke="ctrl a" />
  </action>
  <action id="ExpandAll">
    <keyboard-shortcut first-keystroke="meta add" />
  </action>
  <action id="ExpandAllRegions">
    <keyboard-shortcut first-keystroke="shift meta add" />
  </action>
  <action id="ExpandAllToLevel1">
    <keyboard-shortcut first-keystroke="shift meta minus" />
  </action>
  <action id="ExpandAllToLevel5">
    <keyboard-shortcut first-keystroke="meta alt multiply" second-keystroke="5" />
    <keyboard-shortcut first-keystroke="meta alt multiply" second-keystroke="numpad5" />
    <keyboard-shortcut first-keystroke="shift meta equals" />
  </action>
  <action id="ExpandExpandableComponent">
    <keyboard-shortcut first-keystroke="shift enter" />
    <keyboard-shortcut first-keystroke="meta add" />
  </action>
  <action id="ExpandRegion">
    <keyboard-shortcut first-keystroke="meta add" />
  </action>
  <action id="ExternalSystem.ExpandAll">
    <keyboard-shortcut first-keystroke="meta add" />
  </action>
  <action id="FindUsages">
    <keyboard-shortcut first-keystroke="alt f7" />
    <keyboard-shortcut first-keystroke="ctrl back_slash" second-keystroke="s" />
  </action>
  <action id="Forward">
    <keyboard-shortcut first-keystroke="meta close_bracket" />
    <mouse-shortcut keystroke="button5" />
  </action>
  <action id="GotoImplementation">
    <keyboard-shortcut first-keystroke="meta alt b" />
    <mouse-shortcut keystroke="meta alt button1" />
    <keyboard-shortcut first-keystroke="ctrl back_slash" second-keystroke="g" />
  </action>
  <action id="Images.Editor.ZoomIn">
    <keyboard-shortcut first-keystroke="meta add" />
  </action>
  <action id="Macro.Insert pdb">
    <keyboard-shortcut first-keystroke="ctrl back_slash" second-keystroke="p" />
  </action>
  <action id="Maven.ExpandAll">
    <keyboard-shortcut first-keystroke="meta add" />
  </action>
  <action id="NavBar-selectEnd">
    <keyboard-shortcut first-keystroke="end" />
    <keyboard-shortcut first-keystroke="ctrl e" />
  </action>
  <action id="NextOccurence" />
  <action id="NextSplitter" />
  <action id="PrevSplitter" />
  <action id="PreviousOccurence" />
  <action id="TabShiftActions.MoveFocusDown">
    <keyboard-shortcut first-keystroke="meta alt down" />
  </action>
  <action id="TabShiftActions.MoveFocusLeft">
    <keyboard-shortcut first-keystroke="meta alt left" />
  </action>
  <action id="TabShiftActions.MoveFocusRight">
    <keyboard-shortcut first-keystroke="meta alt right" />
  </action>
  <action id="TabShiftActions.MoveFocusUp">
    <keyboard-shortcut first-keystroke="meta alt up" />
  </action>
  <action id="Terminal.MoveToolWindowTabLeft">
    <keyboard-shortcut first-keystroke="meta left" />
  </action>
  <action id="Terminal.MoveToolWindowTabRight">
    <keyboard-shortcut first-keystroke="meta right" />
  </action>
  <action id="VimWindowDown">
    <keyboard-shortcut first-keystroke="meta alt down" />
  </action>
  <action id="VimWindowLeft">
    <keyboard-shortcut first-keystroke="meta alt left" />
  </action>
  <action id="VimWindowRight">
    <keyboard-shortcut first-keystroke="meta alt right" />
  </action>
  <action id="VimWindowUp">
    <keyboard-shortcut first-keystroke="meta alt up" />
  </action>
</keymap>